rating,category,reviews,description,ingredients,id,url,title
0.00,mexican,0,White Sonora-style Mexican menudo soup made with beef tripe and white hominy. Garnish also with ground pequin chile. [Recipe originally submitted to Allrecipes.com.mx],"[""1 (1/2 pound) cow's foot, cleaned and cut into pieces"",""1 head garlic, minced"",""1 white onion, finely chopped"",""1 white onion, quartered"",""2 (15.5 ounce) cans white hominy, drained and rinsed"",""2 bay leaves"",""2 cups chopped fresh cilantro"",""2 sprigs fresh marjoram"",""2 sprigs fresh thyme"",""2 teaspoons dried oregano"",""3 lime, cut into wedges"",""4 1/2 pounds beef tripe, cut into bite-sized pieces"",""4 whole black peppercorns"",""6 quarts water"",""Garnish:"",""salt to taste""]",262317,https://www.allrecipes.com/recipe/262317/menudo-de-sonora-menudo-soup-sonora-style/,Menudo de Sonora (Menudo Soup Sonora-Style) Recipe - Allrecipes.com
5.00,mexican,0,The masa of these tamales is a mixture of cornmeal and rice with chopped almonds. They are filled with pastry cream flavored with a touch of vanilla. [Recipe originally submitted to Allrecipes.com.mx],"[""1 1/2 cups milk, or as needed"",""1 1/2 cups rice flour"",""1 1/4 cups white sugar"",""1 cup unsalted butter, softened"",""1 cup white sugar"",""1 cup whole raw almonds"",""1 teaspoon vanilla extract"",""2 cups masa harina (such as Maseca(R))"",""2 cups milk"",""2 tablespoons masa harina (such as Maseca(R))"",""2 tablespoons unsalted butter, softened"",""2 teaspoons baking powder"",""5 egg yolks"",""Pastry Cream:"",""Tamales:"",""corn husks""]",261635,https://www.allrecipes.com/recipe/261635/sweet-almond-tamales-with-pastry-cream/,Sweet Almond Tamales with Pastry Cream  Recipe - Allrecipes.com
4.00,mexican,7,"Rich and satisfying Mexican ice pops. These are so creamy and delicious! If you like avocados, I guarantee you'll love these pops.","[""1 cup water"",""1 lime, juiced"",""1/2 cup white sugar"",""1/4 teaspoon salt"",""3 avocados, peeled and pitted""]",223572,https://www.allrecipes.com/recipe/223572/avocado-paletas/,Avocado Paletas Recipe - Allrecipes.com
4.00,mexican,1,"Sangrita is a favorite Mexican chaser that is traditionally served alongside a shot of tequila. Serve sangrita at your next party, and guests will be talking about it the next day!","[""1 cup freshly squeezed lime juice"",""1 quart freshly squeezed orange juice"",""1 thin onion slice"",""1/4 cup pomegranate juice (optional)"",""hot sauce, or to taste"",""salt to taste""]",246809,https://www.allrecipes.com/recipe/246809/sangrita-fresca-mexican-sangrita/,Sangrita Fresca (Mexican Sangrita) Recipe - Allrecipes.com
0.00,mexican,0,This traditional Mexican recipe for roast leg of pork is a festive Christmas centerpiece that's a beautiful alternative to ham or turkey. Enjoy at Christmas or for any special occasion!  [Recipe originally submitted to Allrecipes.com.mx],"[""1 1/2 (20 ounce) cans pineapple rings, juice drained and reserved"",""1 onion, quartered"",""1/2 cup blanched almonds"",""12 pounds boneless pork leg"",""15 pitted prunes, sliced"",""2 cups hard apple cider, divided"",""2 tablespoons lard"",""6 cloves garlic, peeled"",""salt and ground black pepper to taste""]",260648,https://www.allrecipes.com/recipe/260648/mexican-christmas-roast-with-pineapple/,Mexican Christmas Roast with Pineapple Recipe - Allrecipes.com
4.67,mexican,1,"This cochinita pibil recipe is straight from Mexico. Pork shoulder is cooked in a spicy red annatto sauce, then shredded and served with habanero sauce.","[""1 cup lukewarm water"",""1 red onion, chopped"",""1 tablespoon dried Mexican oregano"",""1 tablespoon ground black pepper"",""1 tablespoon lard"",""1 white onion, chopped"",""1/2 cup lemon juice"",""1/4 cup lemon juice"",""1/4 cup white vinegar"",""2 cloves garlic"",""2 cups orange juice"",""2 tablespoons salt"",""3 habanero chiles, seeded and sliced"",""3 ounces achiote paste"",""5 pounds pork shoulder roast"",""Habanero Sauce:"",""Marinade:"",""dried oregano"",""salt and freshly ground black pepper to taste"",""sea salt and ground black pepper to taste""]",259999,https://www.allrecipes.com/recipe/259999/cochinita-pibil-mexican-pulled-pork-in-annatto-sauce/,Cochinita Pibil (Mexican Pulled Pork in Annatto Sauce) Recipe - Allrecipes.com
4.44,mexican,27,"The southern region of Oaxaca, Mexico is known as the land of siete moles or  seven moles. I developed this chicken dish using the herbs and tomatillos needing to be used up. This is also known as a verde mole. It's an interesting taste difference using the mole both cooked and in the raw form in this dish. Serve alongside a Mexican style rice and a green salad.","[""1 1/2 tablespoons dried oregano"",""1 lime, juiced"",""1 onion, sliced"",""1/2 bunch cilantro"",""1/2 cup shredded Monterey Jack cheese"",""10 fresh tomatillos, husks removed"",""2 cloves garlic"",""2 cloves minced garlic"",""2 jalapeno pepper, seeds and ribs removed"",""3 pounds chicken, cut into pieces"",""3 tablespoons vegetable oil"",""salt and pepper to taste"",""salt to taste""]",218575,https://www.allrecipes.com/recipe/218575/pollo-oaxaca/,Pollo Oaxaca Recipe - Allrecipes.com
4.58,mexican,151,This is an authentic Mexican recipe that has been handed down for generations in my family.,"[""1 (8 ounce) package queso asadero (white Mexican cheese), cut into 3/4-inch thick strips"",""1 cup vegetable shortening for frying"",""1 teaspoon baking powder"",""2 eggs, separated"",""3/4 cup all-purpose flour"",""6 fresh Anaheim chile peppers""]",219646,https://www.allrecipes.com/recipe/219646/authentic-mexican-chili-rellenos/,Authentic Mexican Chili Rellenos Recipe - Allrecipes.com
0.00,mexican,0,"White fish fillets and shrimp are marinated with achiote, orange juice, lemon, and spices, baked in the oven, and served with habanero sauce and red onion. You can use any white fish fillets. These are typical flavors of Southeast Mexico.","[""1 clove garlic, peeled"",""1 cup water"",""1 lime, juiced"",""1 orange, juiced"",""1 red onion, sliced"",""1 teaspoon dried Mexican oregano"",""1 teaspoon oregano"",""1 teaspoon peppercorns"",""1 teaspoon salt"",""1/2 cup butter, melted"",""1/2 orange, juiced"",""1/4 cup achiote paste"",""1/4 onion"",""12 ounces uncooked medium shrimp, peeled and deveined"",""2 habanero chiles, sliced"",""2 limes, juiced"",""2 tablespoons white vinegar"",""3/4 cup water"",""6 (4 ounce) fillets white fish fillets"",""Achiote Sauce:"",""Fish:"",""Habanero Sauce:"",""salt and ground black pepper to taste""]",260000,https://www.allrecipes.com/recipe/260000/pescado-en-achiote-mexican-fish-in-annatto-sauce/,Pescado en Achiote (Mexican Fish in Annatto Sauce) Recipe - Allrecipes.com
0.00,mexican,0,Pressure-cooked pork shoulder in orange juice seasoned with achiote (annatto) and guajillo peppers - a quick version of the traditional Mexican pulled pork dish from the Yucatan Peninsula.,"[""1 bulb bulb garlic, peeled"",""1 cup white vinegar"",""1 red onion, thinly sliced"",""1 tablespoon vegetable oil"",""10 limes, juiced"",""3 cups fresh squeezed orange juice"",""3 habanero peppers, sliced"",""3 ounces dried guajillo chile peppers, seeded and deveined"",""3 pounds boneless pork shoulder, cut into 1-inch cubes"",""7 1/2 ounces achiote paste"",""salt and freshly ground black pepper to taste"",""salt to taste""]",263142,https://www.allrecipes.com/recipe/263142/instant-cochinita-pibil/,Instant Cochinita Pibil Recipe - Allrecipes.com
4.43,mexican,7,Roasted poblano peppers and sweet corn kernels simmered in a sauce made with cream and Mexican cheese. A deliciously easy Mexican staple.,"[""1 ear fresh corn, kernels cut off"",""1 small onion, sliced"",""1 tablespoon butter"",""1/2 cup heavy whipping cream"",""2 tablespoons vegetable oil, divided"",""2 teaspoons chicken bouillon granules"",""4 1/2 ounces Mexican manchego cheese, grated"",""4 poblano peppers""]",257536,https://www.allrecipes.com/recipe/257536/rajas-con-crema-elote-y-queso-creamy-poblano-peppers-and-sweet-corn/,"Rajas Con Crema, Elote Y, Queso (Creamy Poblano Peppers and Sweet Corn) Recipe - Allrecipes.com"
4.61,mexican,15,A traditional Mexican chocolate drink.,"[""1 1/2 cups water"",""1 cinnamon stick"",""1 pinch crushed piloncillo (Mexican brown sugar cone), or more to taste"",""1 pod star anise (optional)"",""1 whole clove"",""2 tablets Mexican chocolate (such as Chocolate Ibarra(R))"",""3/4 cup pinole (coarse ground maize flour)"",""4 1/4 cups milk""]",230155,https://www.allrecipes.com/recipe/230155/champurrado/,Champurrado Recipe - Allrecipes.com
5.00,mexican,1,"For these sweet Mexican tamales, pineapple is cooked with sugar and water so that it becomes extra soft and sweet. It tastes great in combination with coconut and raisins. The masa dough is mixed with butter instead of lard. [Recipe originally submitted to Allrecipes.com.mx]","[""1 1/2 cups water"",""1 1/4 cups white sugar"",""1 cup grated coconut"",""1 cup unsalted butter"",""2 pounds chopped fresh pineapple"",""2 pounds fresh corn masa dough"",""2 tablespoons baking powder"",""2/3 cup raisins"",""corn husks""]",261683,https://www.allrecipes.com/recipe/261683/sweet-tamales-with-pineapple-and-coconut/,Sweet Tamales with Pineapple and Coconut Recipe - Allrecipes.com
3.00,mexican,3,"An old friend of mine, famous tequila maker, made this margarita for me. I like it because the fresh juice makes me feel healthy, while the tequila makes my spirit feel better. The agave honey is a delicious alternative to sugar, which makes this margarita even better!","[""1 cup fresh tangerine juice"",""1 cup ice"",""1 tablespoon agave nectar"",""2 (1.5 fluid ounce) jiggers premium tequila blanco""]",213704,https://www.allrecipes.com/recipe/213704/mandarin-margaritas/,Mandarin Margaritas Recipe - Allrecipes.com
4.50,mexican,4,"Experience authentic Mexican flavor with this award-winning recipe. A family favorite created by my mother, enchiladas verdes explodes in your mouth with just the right amount of spice and tang. This is my favorite Mexican dish and it's sure to become yours too.","[""1 1/2 cups shredded Monterey Jack cheese"",""1 pound skinless, boneless chicken breast halves"",""1 white onion, diced"",""1/2 cup Mexican crema (cream)"",""1/2 cup canola oil for frying"",""1/4 cup crumbled queso fresco"",""12 (6 inch) white corn tortillas, or more as needed"",""12 Anaheim chile peppers"",""2 tablespoons all-purpose flour"",""2 teaspoons salt, or as needed"",""4 cups buttermilk, divided""]",223160,https://www.allrecipes.com/recipe/223160/enchiladas-verdes-green-enchiladas/,Enchiladas Verdes (Green Enchiladas) Recipe - Allrecipes.com
0.00,mexican,0,"Giant shrimp and baby octopus are cooked in garlic mojo sauce with a touch of pasilla chiles. A delicious recipe that is very easy to make. Serve with white rice, avocado, and a very cold beer.","[""1 head garlic, cloves peeled"",""1/2 cup butter, divided"",""1/2 cup olive oil, divided"",""12 large jumbo prawns, cleaned"",""2 dried pasilla chile, seeded and sliced"",""2 limes, juiced"",""2 pounds cleaned baby squid, bodies sliced crosswise into 1/2 rings, large tentacles halved"",""2 tablespoons white vinegar"",""salt and ground black pepper to taste""]",259998,https://www.allrecipes.com/recipe/259998/camarones-al-mojo-de-ajo-mexican-shrimp-in-garlic-mojo-sauce/,Camarones al Mojo de Ajo (Mexican Shrimp in Garlic Mojo Sauce) Recipe - Allrecipes.com
5.00,mexican,1,"How to make corn tortillas with 3 ingredients and that are also gluten free? These are delicious, so let's get started!","[""1 1/2 cups hot water"",""1 teaspoon salt"",""2 cups masa harina flour (Mexican corn masa mix)""]",260611,https://www.allrecipes.com/recipe/260611/gluten-free-corn-tortillas-with-3-ingredients/,Gluten-Free Corn Tortillas with 3 Ingredients Recipe - Allrecipes.com
4.00,mexican,2,"These authentic Mexican green tamales (tamales verdes) are stuffed with chicken and a spicy tomatillo sauce. To make tamales from scratch takes time, but it is so worth it. [Recipe originally submitted to Allrecipes.com.mx]","[""1 1/2 teaspoons baking powder"",""1 1/2 teaspoons salt"",""1 clove garlic, minced"",""1 cup unsalted butter, softened, divided"",""1 onion, chopped"",""1 pound masa harina"",""1 pound skinless, boneless chicken breast halves"",""2 serrano peppers, or more to taste"",""3 cups chicken broth"",""3 tablespoons chopped fresh cilantro"",""3/4 pound fresh tomatillos, husks removed"",""corn husks"",""salt to taste"",""water to cover""]",261636,https://www.allrecipes.com/recipe/261636/green-chicken-tamales/,Green Chicken Tamales Recipe - Allrecipes.com
4.00,mexican,1,"Ceviche can be made with vegetables for a vegan variation. In this Mexican recipe cauliflower, carrots, and tomatoes are used. Serve on tostadas or with crackers. [Recipe originally submitted to Allrecipes.com.mx]","[""1 1/2 limes, juiced"",""1 avocado - peeled, pitted, and sliced"",""1 large head cauliflower"",""1 small white onion, finely chopped"",""3 large plum tomatoes, seeded and chopped"",""4 small carrots, peeled and finely chopped"",""8 sprigs cilantro, chopped"",""salt to taste""]",262598,https://www.allrecipes.com/recipe/262598/easy-cauliflower-ceviche/,Easy Cauliflower Ceviche Recipe - Allrecipes.com
4.39,mexican,27,"Easy, authentic Mexican Pozole. You will be glad you took the time. You can make ahead of time and freeze the pork to keep until you're ready to make dinner. Serve with chopped white onion, cilantro, shredded cabbage, lime wedges, and corn tortillas or tostadas.","[""1 (3 1/2) pound pork shoulder, cut into several large pieces"",""1 teaspoon cumin seeds"",""1/2 white onion, chopped"",""2 (15.5 ounce) cans white hominy, rinsed and drained"",""2 ancho chile peppers - stems, seeds, and veins removed"",""2 bay leaves"",""2 cloves garlic"",""2 guajillo chile peppers - stems, seeds, and veins removed"",""2 pasilla chile peppers - stems, seeds, and veins removed"",""4 cups chicken stock"",""5 Roma tomatoes, chopped"",""salt to taste"",""water, to cover""]",214896,https://www.allrecipes.com/recipe/214896/pozole-in-a-slow-cooker/,Pozole in a Slow Cooker Recipe - Allrecipes.com
0.00,mexican,0,"Mexican lentil soup with cactus is a unique blend of nopale paddles, lentils, and pasilla peppers in a thick and rich chicken broth.","[""1 clove garlic"",""1 cup dry lentils"",""1 onion, roughly chopped"",""2 cubes tomato-chicken bouillon"",""2 nopales (cactus)"",""4 pasilla chile peppers"",""6 cups water, divided""]",262304,https://www.allrecipes.com/recipe/262304/mexican-lentil-soup-with-cactus/,Mexican Lentil Soup with Cactus Recipe - Allrecipes.com
4.00,mexican,1,"This vegan mushroom ceviche is made with white mushrooms, carrots, tomatoes, and onion. It gets its spice from pickled jalapeno peppers. Serve as a dip with crackers or with tostadas. [Recipe originally submitted to Allrecipes.com.mx]","[""1 fresh serrano pepper, seeded and chopped"",""1 pickled jalapeno pepper, seeded and chopped"",""1 white onion, chopped"",""1/2 cup ketchup"",""1/2 cup lime juice"",""1/2 cup tomato juice"",""2 avocados - peeled, pitted, and sliced"",""2 carrots, grated"",""2 cloves garlic, chopped"",""2 tablespoons chopped fresh cilantro"",""2 tablespoons pickled jalapeno pepper juice"",""3 (8 ounce) packages fresh white mushrooms, chopped"",""3 tablespoons olive oil"",""6 tomatoes, chopped"",""salt to taste""]",262595,https://www.allrecipes.com/recipe/262595/vegan-mushroom-ceviche/,Vegan Mushroom Ceviche Recipe - Allrecipes.com
5.00,mexican,1,"This light vegan ceviche with hearts of palm, tomatoes, onion, and cilantro gets its spice from serrano peppers. You can serve it in a jar with chips or as a topping over tostadas. Even though you can eat the ceviche right away, it tastes best after it has been chilled for a couple of hours in the fridge. [Recipe originally submitted to Allrecipes.com.mx]","[""1 avocado - peeled, pitted, and sliced"",""1/2 cup chopped cilantro leaves"",""1/2 cup pitted green olives"",""1/2 onion, finely chopped"",""1/2 teaspoon dried oregano"",""2 tablespoons olive oil"",""2 tablespoons white vinegar"",""3 (14.1 ounce) cans hearts of palm, cut into 3/4-inch slices, juice reserved"",""3 plum tomatoes - peeled, seeded, and chopped"",""3 serrano peppers, seeded and minced, or to taste"",""salt and ground black pepper to taste""]",262596,https://www.allrecipes.com/recipe/262596/vegan-hearts-of-palm-ceviche/,Vegan Hearts of Palm Ceviche Recipe - Allrecipes.com
4.49,mexican,149,"These are just like the tamales my Abuelita used to make for special occasions. This recipe makes a lot, but if you're going to go to all the trouble of making tamales from scratch, you might as well have a party! You will need butchers' twine and a large pot with a steamer basket to make these. May be frozen up to 6 months in heavy-duty resealable plastic bags. To reheat, thaw in refrigerator and then steam or microwave until heated through.","[""1 cup beef broth"",""1 tablespoon salt"",""1 teaspoon cumin seeds"",""1 teaspoon ground cumin"",""1 teaspoon red pepper flakes"",""1 teaspoon white vinegar"",""2 cloves garlic, minced"",""2 tablespoons all-purpose flour"",""2 tablespoons vegetable oil"",""2 teaspoons chopped fresh oregano"",""3 (8 ounce) packages dried corn husks"",""3 cups lard"",""4 cloves garlic"",""4 dried ancho chiles"",""4 pounds boneless chuck roast"",""9 cups masa harina"",""salt to taste""]",34759,https://www.allrecipes.com/recipe/34759/beef-tamales/,Beef Tamales Recipe - Allrecipes.com
5.00,mexican,1,"The green color of the rice comes from poblano chiles and cilantro. Arroz verde is a popular Mexican side dish that goes well with fish tacos, grilled chicken, or fahitas.","[""1 clove garlic, minced"",""1 cup uncooked white rice"",""1 tablespoon chicken bouillon granules"",""1/2 lime, juiced"",""1/2 onion, chopped"",""15 sprigs cilantro, chopped"",""2 cups water"",""2 poblano peppers, halved and seeded"",""2 tablespoons vegetable oil, divided""]",260036,https://www.allrecipes.com/recipe/260036/arroz-verde-green-rice-with-cilantro/,Arroz Verde (Green Rice with Cilantro) Recipe - Allrecipes.com
0.00,mexican,0,This delicious no-egg rompope version (Mexican eggnog) is made with vanilla pudding mix and spiked with rum. It will keep up to 1 week in the fridge.,"[""1 (14 ounce) can sweetened condensed milk"",""1 cinnamon stick"",""1 cup rum"",""1/4 (3.5 ounce) package instant vanilla pudding mix"",""2 cups milk"",""3 whole cloves"",""4 whole black peppercorns""]",260831,https://www.allrecipes.com/recipe/260831/mexican-rompope-without-egg/,Mexican Rompope without Egg Recipe - Allrecipes.com
0.00,mexican,0,This vegan jicama ceviche is a great topping for tostadas. You can also serve it with crackers as an appetizer before other Mexican dishes. [Recipe originally submitted to Allrecipes.com.mx],"[""1 cup lime juice"",""1 large jicama, peeled and grated"",""1 pinch dried oregano"",""1 pound plum tomatoes, seeded and chopped"",""1 white onion, chopped"",""1/4 cup finely chopped cilantro"",""12 tostada shells"",""2 avocados - peeled, pitted, and mashed"",""2 tablespoons ketchup"",""2 tablespoons olive oil"",""salt and ground black pepper to taste""]",262593,https://www.allrecipes.com/recipe/262593/vegan-jicama-ceviche/,Vegan Jicama Ceviche Recipe - Allrecipes.com
4.77,mexican,28,This drink is served throughout Mexico. It is nice and refreshing. It is similar to a tart cranberry tea drink. You may add more or less sugar to your taste if you prefer. Enjoy!,"[""1 1/2 cups white sugar"",""1 cinnamon stick"",""1 pinch ground allspice"",""1 pinch ground cloves"",""1 pinch ground nutmeg"",""1/2 cup chopped piloncillo (Mexican brown sugar cones)"",""2 cups dried hibiscus petals"",""6 cups water""]",214366,https://www.allrecipes.com/recipe/214366/agua-de-jamaica-hibiscus-water/,Agua de Jamaica (Hibiscus Water) Recipe - Allrecipes.com
5.00,mexican,0,Sangrita ('little blood') is the traditional Mexican chaser for tequila. It's a mix of FRESH orange and lime juices with salt and a spicy touch. You can give it the bloody appearance by adding a splash of pomegranate juice - or try using blood oranges when available (they really make it better).,"[""1 cup fresh orange juice"",""1 dash Mexican-style hot sauce (such as Valentina(R) or Cholula(R)), or to taste"",""1 paper-thin onion slice"",""1/4 cup fresh lime juice"",""salt to taste""]",213699,https://www.allrecipes.com/recipe/213699/fresh-sangrita/,Fresh Sangrita Recipe - Allrecipes.com
5.00,mexican,0,"A delicious soup recipe. Ground chicken meatballs are simmered in chicken broth with zucchini and chayote. I like to serve it with fresh spinach, chopped avocado, lemon juice, and chipotle chile.","[""1 egg"",""1 tablespoon finely chopped mint leaves"",""1 tablespoon olive oil"",""1/2 onion"",""1/2 onion, finely chopped"",""1/4 cup basmati rice"",""1/4 teaspoon dried oregano"",""2 1/2 quarts chicken stock"",""2 carrots, peeled and cubed"",""2 chayote squash - peeled, cored, and cubed"",""2 large zucchini, cubed"",""2 pounds ground chicken breast"",""3 Roma tomatoes, seeded and finely chopped"",""3 cloves garlic"",""4 Roma tomatoes, quartered"",""salt and ground black pepper to taste"",""salt to taste""]",262301,https://www.allrecipes.com/recipe/262301/mexican-chicken-meatball-soup-sopa-de-albondigas-de-pollo/,Mexican Chicken Meatball Soup (Sopa de Albondigas de Pollo) Recipe - Allrecipes.com
0.00,mexican,0,"This easy Mexican Rompope recipe is made with sweetened condensed milk, almonds, and rum. Rompope is the Mexican version of eggnog and I like the almond version better than the traditional one.","[""1 (14 ounce) can sweetened condensed milk"",""1 cinnamon stick"",""1 cup rum"",""1 cup water"",""13 blanched almonds"",""5 egg yolks""]",260833,https://www.allrecipes.com/recipe/260833/rompope-with-almonds/,Rompope with Almonds Recipe - Allrecipes.com
0.00,mexican,0,This soy ceviche tostadas recipe comes straight from Mexico. Textured soy and vegetables are cured in a lime marinade and make a great vegan topping for tostadas. [Recipe originally submitted to Allrecipes.com.mx],"[""1 jalapeno pepper seeded, deveined, and minced"",""1 pound plum tomatoes, seeded and chopped"",""1 teaspoon dried oregano"",""1/2 white onion, diced"",""10 sprigs cilantro leaves, finely chopped"",""16 crisp-fried tostadas"",""2 avocados - peeled, pitted, and cubed"",""2 small cucumbers - peeled, seeded, and cubed"",""5 limes, juiced"",""8 ounces soy protein (TVP)"",""salt to taste""]",262594,https://www.allrecipes.com/recipe/262594/ceviche-de-soya/,Ceviche de Soya Recipe - Allrecipes.com
4.50,mexican,102,"This was my husband's favorite breakfast growing up in a Mexican household. Now we make it all times of day and even our kids always ask for seconds. Very simple, inexpensive, and quick to make. I sometimes add hot pepper sauce, or ingredients you would like in a omelet, but my husband prefers it the traditional way.","[""12 (6 inch) corn tortillas"",""4 teaspoons corn oil"",""6 eggs, beaten"",""salt to taste""]",70749,https://www.allrecipes.com/recipe/70749/migas-ii/,Migas II Recipe - Allrecipes.com
4.50,mexican,13,"A nice fruity drink served over ice for a delicious cool-down on a nice day. You can use any fruit, but melons are the best.","[""1 1/2 cups water"",""1 cup ice cubes"",""3 slices cantaloupe, peeled and seeded"",""6 tablespoons white sugar""]",230153,https://www.allrecipes.com/recipe/230153/agua-fresca/,Agua Fresca Recipe - Allrecipes.com
5.00,mexican,3,Baked corn tortilla strips are a staple in Mexican soups - use in your favorite tortilla soup or to garnish other Mexican soups.,"[""2 tablespoons avocado oil, or more as needed"",""8 (6 inch) corn tortillas""]",262292,https://www.allrecipes.com/recipe/262292/baked-corn-tortilla-strips-for-mexican-soups/,Baked Corn Tortilla Strips for Mexican Soups Recipe - Allrecipes.com
0.00,mexican,0,"Corn tortillas are filled with shredded chicken and baked in a creamy green tomatillo sauce. The 'suizas' sauce is Spanish for 'Swiss,' a nod to its creaminess.","[""1 clove garlic"",""1 cooked chicken breast, shredded"",""1 cup heavy cream"",""1 cup shredded Chihuahua cheese"",""1 large slice of onion"",""1 pound fresh tomatillos, husks removed"",""1 tablespoon vegetable oil, or as needed"",""1 teaspoon chicken bouillon granules, or to taste"",""1/2 cup shredded Chihuahua cheese"",""1/2 cup water"",""12 corn tortillas"",""4 green serrano chiles, or to taste"",""Enchiladas:"",""Salsa Suiza:""]",265084,https://www.allrecipes.com/recipe/265084/mexican-enchiladas-suizas/,Mexican Enchiladas Suizas Recipe - Allrecipes.com
4.72,mexican,338,"I've tried many marinade recipes for carne asada, and this is our family favorite!","[""1 bunch fresh cilantro, chopped"",""1 tablespoon black pepper"",""1 tablespoon chili powder"",""1 tablespoon ground cumin"",""1 tablespoon paprika"",""1 teaspoon dried oregano"",""1 teaspoon finely chopped canned chipotle pepper"",""1/2 cup lemon juice"",""1/2 cup olive oil"",""1/2 cup soy sauce"",""1/3 cup lime juice"",""3 pounds flank steak"",""3/4 cup orange juice"",""4 cloves garlic, minced""]",186691,https://www.allrecipes.com/recipe/186691/lisas-favorite-carne-asada-marinade/,Lisa's Favorite Carne Asada Marinade Recipe - Allrecipes.com
5.00,mexican,0,This vegan version of tacos al pastor is made with TVP (textured vegetable protein) that is cooked in a spicy lime sauce with guajillo chiles. They are served with homemade tomato salsa.,"[""1 (32 ounce) package corn tortillas"",""1 1/2 (12 ounce) packages textured vegetable protein"",""1 bunch cilantro, finely chopped"",""1 clove garlic"",""1 large onion, chopped"",""1 slice onion"",""1/2 onion, halved and cut into thin slices"",""2 cloves garlic"",""2 cups water, divided"",""2 pinches ground cumin"",""2 tablespoons vegetable oil"",""3 whole cloves"",""4 dried chile de arbol peppers, stemmed"",""4 tomatoes"",""5 guajillo chile peppers, stemmed and seeded"",""5 limes, juiced"",""Filling:"",""Garnish:"",""Salsa:"",""salt to taste""]",260305,https://www.allrecipes.com/recipe/260305/vegan-tacos-al-pastor/,Vegan Tacos al Pastor Recipe - Allrecipes.com
3.50,mexican,4,A yummy Mexican side dish.,"[""1 1/2 cups warm water"",""1 1/2 teaspoons baking powder"",""1 1/2 teaspoons ground cinnamon"",""1 cup vegetable shortening"",""1 teaspoon salt"",""1 teaspoon vanilla"",""1/2 cup brown sugar, divided"",""1/2 cup firmly packed brown sugar"",""1/4 teaspoon ground nutmeg"",""2/3 cup chopped pecans"",""3 cups masa harina"",""32 5-inch lengths of kitchen twine"",""32 dried corn husks""]",212510,https://www.allrecipes.com/recipe/212510/sweet-spiced-tamales/,Sweet Spiced Tamales Recipe - Allrecipes.com
5.00,mexican,1,"These delicious Mexican vegan tacos (tacos de jamaica) are made with hibiscus flowers and are garnished with pineapple, onion, cilantro, and salsa verde with avocado.","[""1 avocado - peeled, pitted, and diced"",""1 clove garlic"",""1 onion, chopped"",""1 small onion, finely chopped"",""1 tablespoon olive oil"",""1/2 bunch cilantro, chopped"",""1/4 onion, chopped"",""10 fresh tomatillos, husks removed"",""18 corn tortillas"",""2 cloves garlic, minced"",""2 limes, cut into wedges"",""2 serrano peppers"",""2 slices fresh pineapple, chopped"",""2 tablespoons chopped fresh cilantro"",""8 ounces dried hibiscus flowers"",""Garnish:"",""Salsa Verde:"",""salt and freshly ground black pepper to taste"",""salt to taste""]",260001,https://www.allrecipes.com/recipe/260001/tacos-de-jamaica-vegan-hibiscus-tacos/,Tacos de Jamaica (Vegan Hibiscus Tacos) Recipe - Allrecipes.com
4.90,mexican,71,"One of Guadalajara's favorites. Small pieces of flank steak are cooked in their juices, then mixed with whole beans and crispy crumbled bacon. It makes me feel at home!","[""1 clove garlic, peeled"",""1 lime, cut into 6 wedges"",""1/2 onion, chopped"",""2 (15.5 ounce) cans pinto beans"",""2 pounds flank steak, cut into 1/2-inch squares"",""3 cups water"",""3 serrano chile peppers, seeded and chopped"",""4 fresh tomatillos, husks removed"",""4 teaspoons chicken bouillon granules"",""6 slices bacon"",""6 tablespoons chopped fresh cilantro"",""ground black pepper, to taste""]",213701,https://www.allrecipes.com/recipe/213701/carne-en-su-jugo-meat-in-its-juices/,Carne en su Jugo (Meat in its Juices) Recipe - Allrecipes.com
0.00,mexican,0,This easy Mexican tortilla soup features fried tortilla strips in a tomato-based broth seasoned with pasilla chiles. Delicious served as tradition dictates: with panela cheese and avocado.,"[""1 (8 ounce) package Mexican queso fresco, diced"",""1 small onion, finely chopped"",""1 small small onion, finely chopped"",""1 sprig fresh oregano"",""2 avocados, diced"",""2 quarts chicken broth"",""2 sprigs fresh mint"",""2 teaspoons chicken bouillon granules"",""3 pasilla chiles - seeded, deveined, and cut into strips"",""3 tablespoons avocado oil, divided"",""4 tomatoes, seeded and diced"",""8 (6 inch) corn tortillas""]",262293,https://www.allrecipes.com/recipe/262293/easy-mexican-tortilla-soup/,Easy Mexican Tortilla Soup Recipe - Allrecipes.com
5.00,mexican,2,"To make this authentic Mexican hot chocolate, you need Mexican hot chocolate tablets or squares which gives it its unique taste. Eat the chile only if you can handle it!","[""1 cup whole milk"",""1 dried red chile de arbol, lightly toasted"",""1/2 Mexican hot chocolate drink tablet (such as Nestle(R) Abuelita(R))""]",260835,https://www.allrecipes.com/recipe/260835/authentic-mexican-hot-chocolate-with-chile/,Authentic Mexican Hot Chocolate with Chile Recipe - Allrecipes.com
0.00,mexican,0,"These sweet tamales with orange, almonds, and raisins are eaten as a dessert in Mexico. Try to find extra sweet ripe oranges for the best flavor. [Recipe originally submitted to Allrecipes.com.mx]","[""1 cup freshly squeezed orange juice"",""1 cup milk"",""1/3 cup chopped blanched almonds"",""2 1/2 cups white sugar, divided"",""2 cups lard"",""2 ice cubes, or as needed"",""2 tablespoons baking powder"",""2/3 cup raisins"",""3 1/4 pounds fresh corn masa dough"",""5 large oranges, peeled and segmented"",""corn husks""]",262523,https://www.allrecipes.com/recipe/262523/sweet-orange-tamales/,Sweet Orange Tamales Recipe - Allrecipes.com
4.60,mexican,1355,"Carnitas means 'little meats' and is traditionally fried then braised. This recipe is made much easier using the slow cooker but the results are just as tasty. This makes a great filling for tamales, enchiladas, tacos and burritos. This filling is also great combined with your favorite barbecue sauce and served on buns.","[""1 (4 pound) boneless pork shoulder roast"",""1 teaspoon garlic powder"",""1 teaspoon ground cumin"",""1 teaspoon salt"",""1/2 teaspoon crumbled dried oregano"",""1/2 teaspoon ground coriander"",""1/4 teaspoon ground cinnamon"",""2 bay leaves"",""2 cups chicken broth""]",139603,https://www.allrecipes.com/recipe/139603/slow-cooker-carnitas/,Slow Cooker Carnitas Recipe - Allrecipes.com
0.00,mexican,0,"This traditional Mexican rompope recipe is made with only 5 ingredients. It is easy to make and all you need is a little patience stirring the eggnog while it boils. In Mexico, people make it with either rum or brandy, but here rum is more common.","[""1 cup rum"",""15 egg yolks"",""2 1/2 cups white sugar"",""2 cinnamon sticks"",""3 pints whole milk""]",260832,https://www.allrecipes.com/recipe/260832/rompope-mexican-eggnog/,Rompope (Mexican Eggnog) Recipe - Allrecipes.com
0.00,mexican,0,"This easy Mexican guacamole with corn (guacamole con elote) and tomatoes tastes great with corn chips. As with all guacamole recipes, make sure you are using ripe avocados. [Recipe originally submitted to Allrecipes.com.mx]","[""1 (8.75 ounce) can whole kernel corn, drained and rinsed"",""1 large plum tomato, seeded and chopped"",""1 lime, juiced"",""1 serrano chile, seeded and finely chopped"",""1 tablespoon olive oil"",""1/2 white onion, chopped"",""2 tablespoons chopped fresh cilantro"",""3 large avocados - peeled, pitted, and mashed"",""salt to taste""]",262590,https://www.allrecipes.com/recipe/262590/guacamole-with-corn/,Guacamole with Corn Recipe - Allrecipes.com
4.64,mexican,144,"I learned this recipe from an amazing cook from Puebla. I've been perfecting it for over 15 years and realized that it was time to share it when my foodie friends tried to drink the sauce out of the saucepan. I use the roasted or baked chicken from the grocery store. I did it once only to save time, but found that they are tastier. Be conservative with the cream and the cheese. Do not use sour cream!","[""1 (8 ounce) container Mexican crema, crema fresca"",""1 cup cilantro leaves"",""1 cup grated cotija cheese"",""1 cup vegetable oil for frying"",""1/2 store-bought rotisserie chicken, meat removed and shredded"",""1/4 head iceberg lettuce, shredded"",""2 1/4 pounds small green tomatillos, husks removed"",""2 cloves garlic"",""3 cups water"",""3 serrano peppers"",""4 teaspoons chicken bouillon granules"",""9 corn tortillas""]",213700,https://www.allrecipes.com/recipe/213700/enchiladas-verdes/,Enchiladas Verdes Recipe - Allrecipes.com
0.00,mexican,0,Delicious low-carb tortillas for tacos and enchiladas made with jicama. You can eat them raw for a crispy texture or steam them if you like a softer tortilla. These are grain-free tortillas that are keto and vegan friendly.,"[""1 large jicama""]",263128,https://www.allrecipes.com/recipe/263128/jicama-tortillas/,Jicama Tortillas Recipe - Allrecipes.com
3.50,mexican,3,"This is my Mexican sister-in-law's recipe. It's so tender and delicious, most people say it doesn't even taste like chicken! Serve it with the juices left in the pan and a good bread to soak it all up! Yum! Hope you enjoy it!","[""1 (12 ounce) package bacon slices, cut into 2 inch pieces"",""1 1/2 cups canned pineapple chunks"",""1 1/2 cups cubed cooked ham"",""1/2 cup raisins (optional)"",""1/4 cup butter, cut into small chunks"",""1/4 cup chicken bouillon granules"",""8 chicken drumsticks"",""8 chicken thighs"",""8 cups freshly squeezed orange juice"",""salt and black pepper to taste""]",213141,https://www.allrecipes.com/recipe/213141/mexican-orange-chicken/,Mexican Orange Chicken Recipe - Allrecipes.com
0.00,mexican,0,This is the authentic Mexican version of fried eggs over fried tortillas layered with refried beans and tomato sauce.,"[""1 clove garlic"",""1 green serrano chile"",""1 large Roma tomato"",""2 corn tortillas"",""2 eggs"",""4 tablespoons refried beans"",""4 tablespoons vegetable oil"",""salt and ground black pepper to taste""]",265086,https://www.allrecipes.com/recipe/265086/mexican-huevos-rancheros/,Mexican Huevos Rancheros Recipe - Allrecipes.com
4.00,mexican,1,"Fish fillets are baked in a tomato sauce with onion, red peppers, capers, and green olives to create this Mexican fish dish.","[""1 cube fish bouillon"",""1 cup tomato puree"",""1 onion, chopped"",""1 red bell pepper, seeded and chopped"",""1 tablespoon olive oil"",""1 teaspoon salt"",""1/2 teaspoon dried oregano"",""1/4 cup butter"",""1/4 teaspoon ground cinnamon"",""2 bay leaves"",""2 cloves garlic, diced"",""2 pounds plum tomatoes, peeled, seeded, and chopped"",""2 tablespoons capers, rinsed"",""20 pitted green olives"",""6 pickled banana peppers, sliced"",""8 large white fish fillets"",""freshly ground black pepper to taste""]",257537,https://www.allrecipes.com/recipe/257537/pescado-a-la-veracruzana-veracruz-style-fish/,Pescado a la Veracruzana (Veracruz-Style Fish) Recipe - Allrecipes.com
0.00,mexican,0,"Capirotada is a traditional Mexican dessert, similar to what we know of as a bread pudding. In this variation, a baguette is sliced and toasted then layered with fruit in a dish and drizzled with a spiced fruit syrup. This dish is often eaten in Mexico around Easter time and carries a rich symbolism to the Passion of Christ.","[""1 3/4 cups water"",""1 baguette, cut into 1/2-inch slices"",""1 cup chopped piloncillo (Mexican brown sugar cones)"",""1 guava - peeled, halved, and seeded"",""1 tablespoon multi-colored sprinkles, or to taste"",""1/2 cup candied pineapple (optional)"",""1/2 cup chopped pecans"",""1/2 cup raisins"",""1/2 cup roasted peanuts"",""2 cinnamon sticks"",""3 ounces crumbled cotija cheese"",""3/4 cup lard"",""5 whole allspice berries"",""5 whole cloves"",""peel of 1/2 orange""]",257533,https://www.allrecipes.com/recipe/257533/capirotada-a-la-antigua-mexican-bread-pudding/,Capirotada a la Antigua (Mexican Bread Pudding) Recipe - Allrecipes.com
3.88,mexican,4,This is a Mexican bread pudding made with cheese and is traditionally served during Lent. Colaciones are Mexican anise candies.,"[""1 1/2 cups packed brown sugar"",""1 1/2 cups water"",""1 cinnamon stick"",""1 cup chopped walnuts"",""1/2 cup raisins"",""2 ounces colaciones candies (optional)"",""8 slices Cheddar cheese"",""8 slices French bread""]",15894,https://www.allrecipes.com/recipe/15894/capirotada/,Capirotada Recipe - Allrecipes.com
4.00,mexican,2,"I am a Mexican-American and I have been craving a raspado! I live in New York and they're a little hard to come by. So I decided to make them. Most American ices are made with sugar and lots of diluted flavor. But raspados have lots of flavor and real pulp. Trust me, this is authentic.","[""1 pound tamarind pods, peeled and thoroughly cleaned"",""1/4 cup water, or as desired (optional)"",""10 cups shaved ice, or as needed"",""5 cups white sugar"",""8 cups water, divided""]",231800,https://www.allrecipes.com/recipe/231800/raspados-de-tamarindo-tamarind-ices/,Raspados de Tamarindo (Tamarind Ices) Recipe - Allrecipes.com
4.60,mexican,8,This is a great authentic Mexican recipe.,"[""10 fresh chile de arbol peppers, chopped (wear gloves)"",""2 large tomatoes, chopped"",""2 pounds pork stew meat, coarsely chopped"",""20 fresh tomatillos, husks removed"",""5 cloves garlic, divided"",""7 serrano chile peppers, chopped (wear gloves)"",""salt to taste""]",217165,https://www.allrecipes.com/recipe/217165/carne-con-chile/,Carne con Chile Recipe - Allrecipes.com
3.75,mexican,2,"A recipe that will top your guacamole standards. The flavor and texture of the pomegranate gives it a fine touch and makes it the favorite of everybody, including the most sophisticated palates. It is not only delicious, but colorful and, definitely, Mexican. Try it! After the pomegranate, you will never go back to tomatoes.","[""1 sprig cilantro for garnish"",""1/4 cup chopped fresh cilantro"",""1/4 cup minced onion"",""1/4 cup pomegranate seeds, divided"",""2 limes, juiced"",""2 serrano chile peppers, or to taste"",""4 ripe avocados, peeled and pitted"",""salt to taste""]",213698,https://www.allrecipes.com/recipe/213698/worlds-best-guacamole/,World's Best Guacamole Recipe - Allrecipes.com
5.00,mexican,5,These Mexican ice pops are stimulating and refreshing at the same time.,"[""1 mango, peeled, seeded, and diced"",""1 tablespoon chopped fresh basil"",""1/2 cup white sugar"",""1/2 teaspoon cayenne pepper"",""1/4 teaspoon salt"",""2 limes, juiced"",""3 mangos - peeled, seeded, and cut into chunks""]",223466,https://www.allrecipes.com/recipe/223466/spicy-mango-basil-paletas/,Spicy Mango-Basil Paletas Recipe - Allrecipes.com
5.00,mexican,0,"Tacos al pastor is a quintessential Mexican dish, with tender pork and pineapple marinated in a savory and aromatic chile sauce. Serve with warm corn tortillas, tomatillos salsa, and lemon or lime wedges.","[""1 onion, quartered"",""1 pineapple, sliced 3/4-inch thick"",""1 tablespoon salt, or to taste"",""1 teaspoon cumin seeds"",""1 teaspoon dried oregano"",""1 tomato"",""1/2 cup chopped fresh cilantro"",""1/2 cup chopped onion"",""1/2 cup orange juice"",""1/4 cup white vinegar"",""2 chipotle peppers in adobo sauce"",""2 cloves garlic, crushed"",""2 dried ancho chile peppers, seeded"",""2 pounds boneless pork loin, thinly sliced"",""3 cloves"",""3 dried guajillo chile peppers, seeded"",""To Serve:""]",257538,https://www.allrecipes.com/recipe/257538/authentic-tacos-al-pastor/,Authentic Tacos al Pastor  Recipe - Allrecipes.com
0.00,mexican,0,The masa for these Mexican red tamales is made with lard and chicken broth. They are stuffed with a filling of shredded chicken and a spicy red sauce with ancho and mulato chiles. [Recipe originally submitted to Allrecipes.com.mx],"[""1 1/2 teaspoons baking powder"",""1 1/2 teaspoons salt"",""1 1/4 pounds skinless, boneless chicken breast halves"",""1 clove garlic"",""1 cup mulato chiles, stemmed and seeded"",""1 pinch salt to taste"",""1 pound masa harina"",""1/2 pound lard"",""1/3 cup ancho chiles, stemmed and seeded"",""3 cups chicken broth"",""8 cumin seeds"",""boiling water as needed"",""corn husks""]",261684,https://www.allrecipes.com/recipe/261684/red-chicken-tamales-tamales-rojos-de-pollo/,Red Chicken Tamales (Tamales Rojos de Pollo) Recipe - Allrecipes.com
4.53,mexican,23,"Tacos al Pastor are a favorite in Mexico and Mexican restaurants throughout the world for good reason: The mixture of smoky, spicy chiles, sweet pineapples and fresh onions and cilantro is taco perfection. Traditionally, Tacos al Pastor are made by marinating pork in chile sauce, layering the meat on a vertical rotisserie, adorning with a pineapple and roasting slowly for hours--a process that's almost impossible to replicate at home. So we've taken the delicious, authentic flavors that make these tacos so special, and adapted the recipe for your home kitchen, so you can enjoy it whenever a craving strikes!","[""1 (10 ounce) package Goya Corn Tortillas, warmed"",""1 (2 1/2 pound) boneless, skinless pork butt, cut into 1/2-inch cubes"",""1 (20 ounce) can Goya Pineapple Chunks"",""1 chipotle pepper from a can of Goya Chipotle Chile in Adobo Sauce"",""1 lime, cut into wedges"",""1 medium white onion, halved"",""1 teaspoon Goya Cumin"",""1/4 cup Goya White Vinegar"",""2 tablespoons Goya Minced Garlic"",""2 tablespoons Goya Vegetable Oil"",""2 tablespoons finely chopped fresh cilantro"",""5 Goya Guajillo Chiles"",""5 Goya Pasilla Chiles or Goya Ancho Chiles"",""For the garnish:"",""For the pork:"",""Goya Adobo with Pepper, to taste""]",215235,https://www.allrecipes.com/recipe/215235/home-style-tacos-al-pastor-chile-and-pineapple-pork-tacos/,Home-style Tacos al Pastor (Chile and Pineapple Pork Tacos) Recipe - Allrecipes.com
4.58,mexican,207,"I learned how to make these tacos while a man from Oaxaca, Mexico lived with my family.  They are traditional Mexican tacos and one of the best things I know how to make. The steak may be broiled or grilled if you prefer.","[""1 bunch fresh cilantro, chopped"",""1 onion, diced"",""1/4 cup vegetable oil"",""18 (6 inch) corn tortillas"",""2 pounds top sirloin steak, cut into thin strips"",""4 fresh jalapeno peppers, seeded and chopped"",""4 limes, cut into wedges"",""salt and ground black pepper to taste""]",26085,https://www.allrecipes.com/recipe/26085/oaxacan-tacos/,Oaxacan Tacos Recipe - Allrecipes.com
5.00,mexican,1,Juicy beef flank steak is marinated in a mixture of soy sauce with chipotle chile and beef broth and then grilled. It's delicious every time and takes only a few minutes to prepare. Serve with a simple salad or in tacos.,"[""1 1/2 cups beef stock"",""1/2 cup soy sauce"",""2 pounds flank steak"",""3 canned chipotles in adobo sauce, or to taste""]",265110,https://www.allrecipes.com/recipe/265110/carne-asada-al-chipotle/,Carne Asada al Chipotle Recipe - Allrecipes.com
0.00,mexican,0,"A whole chicken and fresh corn kernels are cooked in a green chicken broth seasoned with chiles, tomatillos, and avocado. Known in Mexico as pozolillo, this soup is considered a quick and easy version of pozole. Garnish with lettuce and serve with lime wedges and tostadas if you like.  [Recipe originally submitted to Allrecipes.com.mx]","[""1 (2 to 3 pound) whole chicken, cut into pieces"",""1 1/2 cups chopped fresh cilantro"",""1 cup water"",""1 small head garlic"",""1/4 head romaine lettuce, chopped"",""10 large fresh tomatillos, husks removed"",""2 poblano chiles, seeded and deveined"",""2 quarts chicken stock"",""2 serrano peppers (optional)"",""2 small avocados, peeled and pitted"",""6 cups white corn kernels"",""salt to taste""]",262295,https://www.allrecipes.com/recipe/262295/mexican-chicken-and-corn-soup-pozolillo-verde/,Mexican Chicken and Corn Soup (Pozolillo Verde) Recipe - Allrecipes.com
0.00,mexican,0,Homemade ancho pepper chile sauce is mixed with both the masa and the refried beans which gives these authentic Mexican bean tamales their unique flavor. [Recipe originally submitted to Allrecipes.com.mx],"[""1 (17 ounce) can refried beans"",""1 (4 ounce) can canned jalapenos, sliced"",""1 cup lard"",""1 pinch ground cumin"",""1 tablespoon vegetable oil"",""1 tablespoon water, or as needed"",""2 pounds fresh corn masa dough"",""3 cloves garlic"",""6 dried ancho chile peppers, seeded"",""dried corn husks"",""salt and freshly ground black pepper to taste""]",261686,https://www.allrecipes.com/recipe/261686/bean-tamales-tameles-de-frijoles/,Bean Tamales (Tameles de Frijoles) Recipe - Allrecipes.com
5.00,mexican,2,"Mexican short noodles (fideos) in a chicken broth flavored with tomato, onion, and serrano pepper for a little kick.","[""1 (7 ounce) package fideo pasta"",""1 clove garlic"",""1 serrano chile, stem removed"",""1/2 cup grated Cotija cheese"",""1/2 small white onion"",""2 Roma tomatoes"",""2 quarts chicken stock, divided"",""3 sprigs parsley"",""3 tablespoons vegetable oil"",""salt to taste""]",262320,https://www.allrecipes.com/recipe/262320/mexican-noodle-soup-sopa-de-fideo/,Mexican Noodle Soup (Sopa de Fideo) Recipe - Allrecipes.com
4.00,mexican,0,Spaghetti or linguine with prawns and spinach tossed in a creamy chipotle tequila sauce. A fantastic Mexican dish that's dinner party worthy!,"[""1 cup fresh spinach"",""1 cup heavy cream"",""1 pound prawns, peeled and deveined"",""1 tablespoon extra-virgin olive oil"",""1/2 pound spaghetti"",""2 chipotle peppers in adobo sauce"",""2 cloves garlic, finely chopped"",""2 tablespoons freshly grated Parmesan cheese"",""2 tablespoons grated Parmesan cheese"",""2 tablespoons tequila reposado"",""black pepper to taste"",""freshly ground black pepper to taste"",""salt to taste""]",259299,https://www.allrecipes.com/recipe/259299/mexican-prawn-pasta-with-chipotle/,Mexican Prawn Pasta with Chipotle Recipe - Allrecipes.com
5.00,mexican,1,"This traditional Mexican dish is from the area of Puebla. Poblano chiles are stuffed with a flavorful ground pork stuffing, then covered in a creamy walnut sauce and garnished with pomegranate seeds and parsley. The long list of ingredients is deceiving - this make ahead dish is quite easy once you have all your ingredients!","[""1 (1 inch) piece cinnamon stick"",""1 1/2 cups pomegranate seeds"",""1 3/4 cups milk"",""1 3/4 pounds ground pork"",""1 apple, chopped"",""1 bunch fresh parsley, chopped"",""1 fresh peach, chopped"",""1 onion, chopped"",""1 ripe plantain, chopped"",""1 tablespoon olive oil"",""1 tablespoon white sugar"",""1/2 cup chopped fresh parsley"",""2 1/2 cups chopped walnuts"",""2 cloves garlic, finely chopped"",""2 cups peeled, seeded, and chopped tomatoes"",""2 tablespoons blanched almonds, chopped"",""2 tablespoons chopped candied orange peel"",""2 tablespoons pine nuts"",""2 tablespoons raisins"",""3/4 cup soft goat cheese"",""4 whole cloves, ground"",""8 poblano peppers"",""Filling:"",""Garnish:"",""Sauce:"",""salt and pepper to taste""]",259373,https://www.allrecipes.com/recipe/259373/chiles-en-nogada-mexican-stuffed-poblano-peppers-in-walnut-sauce/,Chiles en Nogada (Mexican Stuffed Poblano Peppers in Walnut Sauce) Recipe - Allrecipes.com
4.63,mexican,16,"A tropical version of the milky, rice drink Horchata. You can add rum to make this a tropical cocktail!","[""1 (14 ounce) can coconut milk"",""1 (14 ounce) can sweetened condensed milk"",""1 cup almonds"",""1 cup sweetened flaked coconut"",""1 cup uncooked white rice"",""3 cups boiling water"",""5 cups cold water, or more as needed"",""5 cups ice""]",214624,https://www.allrecipes.com/recipe/214624/coconut-horchata/,Coconut Horchata Recipe - Allrecipes.com
4.12,mexican,48,"Inexpensive to make, and fully authentic, this menudo will have your Latin lovers swooning! This recipe uses a combination of chiles to deliver its trademark red color, and packs a mildly spicy punch. And it is really quite easy to make - my husband absolutely devoured it the first time I made it.","[""1 1/2 tablespoons dried oregano"",""1 1/2 tablespoons salt"",""1 large white onion, finely chopped"",""1 tablespoon ground black pepper"",""1/2 white onion, chopped"",""1/4 cup chopped fresh cilantro"",""2 1/2 pounds beef tripe, cut into 1-inch pieces"",""2 limes, juiced"",""2 tablespoons ground red pepper"",""3 gallons water, divided"",""5 de arbol chile peppers"",""6 cloves garlic, finely chopped"",""6 cups canned white or yellow hominy, drained"",""6 japones chile peppers, seeds removed""]",68837,https://www.allrecipes.com/recipe/68837/menudo-rojo-red-menudo/,Menudo Rojo (Red Menudo) Recipe - Allrecipes.com
5.00,mexican,1,"It's not possible to get tired of this traditional recipe for Mexican bean and tortilla soup, or sopa tarasca, from the state of Michoacan. Besides delicious, it is easy, fast, and economical.","[""1 Roma tomato"",""1 cup water"",""1 pinch ground dried oregano"",""1/2 small onion, sliced"",""2 pasilla chile peppers - stems, seeds, and veins removed"",""2 serrano peppers, or to taste"",""3 tablespoons grated Cotija cheese, or to taste"",""3 tablespoons vegetable oil, divided"",""4 (6 inch) corn tortillas, cut into thin strips"",""4 cups black beans, with liquid"",""salt to taste""]",262299,https://www.allrecipes.com/recipe/262299/mexican-bean-and-tortilla-soup-sopa-tarasca/,Mexican Bean and Tortilla Soup (Sopa Tarasca) Recipe - Allrecipes.com
0.00,mexican,0,"This is an authentic sweet tamale recipe (tamales dulces de pina) with canned pineapple, butter, and shortening in the masa dough. They taste delicious and will melt in your mouth.","[""1 (20 ounce) can pineapple, drained and finely chopped"",""1 cup unsalted butter, at room temperature"",""1 cup vegetable shortening, at room temperature"",""1 cup white sugar"",""1/2 teaspoon baking soda"",""2 pounds fresh corn masa dough"",""2 tablespoons warm water, or as needed"",""corn husks""]",262521,https://www.allrecipes.com/recipe/262521/sweet-pineapple-tamales/,Sweet Pineapple Tamales Recipe - Allrecipes.com
4.00,mexican,1,"Mushroom ceviche can be served with crackers or chips, a quick vegan dip that is very tasty. This recipe uses canned mushrooms which is why it takes so little time. It tastes best after it has chilled for at least half an hour. Serve with crackers. [Recipe originally submitted to Allrecipes.com.mx]","[""1 small white onion, chopped"",""1/2 cup chopped cilantro leaves"",""1/2 cup ketchup"",""2 avocados - peeled, pitted, and chopped"",""3 limes, juiced"",""6 (4 ounce) jars sliced mushrooms, drained"",""salt to taste""]",262602,https://www.allrecipes.com/recipe/262602/quick-mushroom-ceviche/,Quick Mushroom Ceviche Recipe - Allrecipes.com
0.00,mexican,0,"Authentic Mexican birria tacos, Jalisco style, made with braised beef roast in a fragrant 3-chile sauce with a delicious spice mix.","[""1 bunch fresh cilantro, chopped"",""1 large white onion, finely chopped"",""1 pinch dried marjoram"",""1 pinch dried oregano"",""1 pinch ground cinnamon"",""1 pinch ground cumin"",""1 pinch ground thyme"",""18 corn tortillas"",""2 dried ancho chiles, stemmed and seeded"",""2 garlic cloves"",""2 tablespoons white vinegar"",""2 teaspoons ground black pepper"",""4 Roma tomatoes"",""4 dried chile de arbol peppers, stemmed and seeded"",""4 pounds beef chuck roast"",""4 whole cloves"",""6 dried guajillo chile peppers, seeded"",""salt and freshly ground black pepper to taste""]",265338,https://www.allrecipes.com/recipe/265338/birria-de-res-tacos-beef-birria-tacos/,Birria de Res Tacos (Beef Birria Tacos) Recipe - Allrecipes.com
2.00,mexican,1,This cold guacamole soup is perfect for a hot day. All the ingredients are mixed in a blender. It tastes best after chilling in the refrigerator for at least 1 hour so flavors can meld. [Recipe originally submitted to Allrecipes.com.mx],"[""1 cup chicken stock"",""1 cup heavy whipping cream"",""1 fluid ounce tequila"",""1 jalapeno pepper, seeded and deveined"",""1 lime, juiced"",""1/4 cup chopped fresh cilantro"",""2 cups mashed avocado, packed"",""2 large Roma tomatoes, seeded and finely chopped"",""salt and freshly ground black pepper to taste""]",262589,https://www.allrecipes.com/recipe/262589/cold-guacamole-soup/,Cold Guacamole Soup Recipe - Allrecipes.com